Date,BadgeID,DoorName,SwipeTime,Direction
2025-04-01,LA162443,Lobby Door,14:14:00,Exit
2025-04-01,LA870088,West Entrance,08:04:00,Entry
2025-04-01,LA371349,Lobby Door,08:51:00,Entry
2025-04-01,LA473321,South Dock,16:10:00,Exit
2025-04-01,LA131291,West Entrance,10:19:00,Entry
2025-04-01,LA604674,Lobby Door,10:09:00,Entry
2025-04-01,LA203650,Lobby Door,10:12:00,Entry
2025-04-01,LA587296,Parking Access,10:07:00,Exit
2025-04-01,LA670780,Lobby Door,10:44:00,Exit
2025-04-01,LA878455,Lobby Door,13:45:00,Entry
2025-04-01,LA220594,Lobby Door,15:43:00,Entry
2025-04-01,LA581203,West Entrance,10:05:00,Exit
2025-04-01,LA850625,Lobby Door,08:36:00,Exit
2025-04-01,LA225865,Lobby Door,12:18:00,Exit
2025-04-01,LA722826,West Entrance,16:52:00,Entry
2025-04-01,LA503658,South Dock,15:46:00,Entry
2025-04-01,LA311459,Lobby Door,14:05:00,Entry
2025-04-01,LA618915,Lobby Door,14:53:00,Entry
2025-04-01,LA577571,Lobby Door,10:03:00,Entry
2025-04-01,LA661287,Parking Access,16:19:00,Entry
2025-04-01,LA320316,Lobby Door,10:15:00,Entry
2025-04-01,LA369843,Lobby Door,10:15:00,Entry
2025-04-01,LA322926,Lobby Door,16:26:00,Entry
2025-04-01,LA168947,Lobby Door,14:31:00,Entry
2025-04-01,LA619458,Parking Access,13:16:00,Exit
2025-04-01,LA153865,Lobby Door,14:06:00,Entry
2025-04-01,LA977208,Lobby Door,16:38:00,Entry
2025-04-01,LA551045,Lobby Door,11:53:00,Entry
2025-04-01,LA153824,Lobby Door,10:44:00,Exit
2025-04-01,LA331158,South Dock,15:38:00,Entry
2025-04-01,LA552624,Parking Access,13:51:00,Entry
2025-04-01,LA579177,Parking Access,13:53:00,Entry
2025-04-01,LA635354,Parking Access,13:33:00,Entry
2025-04-01,LA398026,Parking Access,14:54:00,Entry
2025-04-01,LA229519,South Dock,13:18:00,Exit
2025-04-01,LA591510,Lobby Door,15:53:00,Exit
2025-04-01,LA890130,Lobby Door,09:39:00,Exit
2025-04-01,LA723057,South Dock,09:30:00,Entry
2025-04-01,LA476458,West Entrance,10:39:00,Entry
2025-04-01,LA948547,Lobby Door,15:09:00,Exit
2025-04-01,LA764758,Lobby Door,14:06:00,Exit
2025-04-02,LA418321,Lobby Door,12:51:00,Entry
2025-04-02,LA661287,Lobby Door,14:08:00,Entry
2025-04-02,LA635354,West Entrance,09:51:00,Entry
2025-04-02,LA722826,Lobby Door,14:58:00,Entry
2025-04-02,LA503658,Lobby Door,14:43:00,Exit
2025-04-02,LA391287,Parking Access,14:49:00,Exit
2025-04-02,LA581203,South Dock,16:46:00,Entry
2025-04-02,LA552624,South Dock,10:01:00,Exit
2025-04-02,LA320518,Parking Access,11:14:00,Entry
2025-04-02,LA110300,Lobby Door,08:47:00,Entry
2025-04-02,LA434881,Lobby Door,15:40:00,Exit
2025-04-02,LA619458,South Dock,16:40:00,Entry
2025-04-02,LA651477,South Dock,16:01:00,Exit
2025-04-02,LA948547,South Dock,11:05:00,Entry
2025-04-02,LA348963,Lobby Door,14:41:00,Entry
2025-04-02,LA343540,Lobby Door,14:18:00,Entry
2025-04-02,LA723057,Lobby Door,12:26:00,Entry
2025-04-02,LA870088,Lobby Door,08:33:00,Exit
2025-04-02,LA811817,Parking Access,11:40:00,Entry
2025-04-02,LA289213,Parking Access,15:56:00,Entry
2025-04-02,LA878455,West Entrance,09:53:00,Exit
2025-04-02,LA577571,Lobby Door,14:44:00,Exit
2025-04-02,LA637217,Lobby Door,14:27:00,Entry
2025-04-02,LA854701,Lobby Door,11:54:00,Entry
2025-04-02,LA579177,Lobby Door,14:54:00,Entry
2025-04-02,LA342185,Lobby Door,08:36:00,Exit
2025-04-02,LA398026,Lobby Door,08:35:00,Entry
2025-04-02,LA322926,Lobby Door,09:25:00,Entry
2025-04-02,LA190598,Lobby Door,13:48:00,Entry
2025-04-02,LA716642,Parking Access,16:40:00,Exit
2025-04-02,LA413640,West Entrance,16:18:00,Entry
2025-04-02,LA430655,Lobby Door,15:46:00,Exit
2025-04-02,LA203650,Parking Access,10:55:00,Entry
2025-04-02,LA341010,South Dock,16:45:00,Entry
2025-04-02,LA998606,Lobby Door,11:28:00,Exit
2025-04-02,LA764758,South Dock,16:15:00,Exit
2025-04-02,LA591510,Lobby Door,11:39:00,Entry
2025-04-02,LA311459,West Entrance,11:45:00,Exit
2025-04-02,LA162443,Lobby Door,14:51:00,Entry
2025-04-02,LA604674,Lobby Door,14:53:00,Entry
2025-04-02,LA850625,Lobby Door,14:19:00,Exit
2025-04-03,LA878455,Parking Access,10:55:00,Entry
2025-04-03,LA551045,Parking Access,14:37:00,Exit
2025-04-03,LA229519,Lobby Door,16:49:00,Entry
2025-04-03,LA398026,Lobby Door,13:19:00,Entry
2025-04-03,LA870088,West Entrance,11:29:00,Entry
2025-04-03,LA723057,West Entrance,09:15:00,Exit
2025-04-03,LA591510,Lobby Door,11:18:00,Exit
2025-04-03,LA434881,South Dock,15:08:00,Entry
2025-04-03,LA561500,West Entrance,08:36:00,Exit
2025-04-03,LA413640,West Entrance,09:58:00,Entry
2025-04-03,LA220594,Lobby Door,12:35:00,Exit
2025-04-03,LA918982,Lobby Door,12:55:00,Entry
2025-04-03,LA387395,West Entrance,08:22:00,Entry
2025-04-03,LA503658,Parking Access,12:03:00,Entry
2025-04-03,LA371349,Lobby Door,15:09:00,Entry
2025-04-03,LA331158,Parking Access,12:50:00,Exit
2025-04-03,LA153865,West Entrance,10:05:00,Entry
2025-04-03,LA289213,Lobby Door,09:35:00,Entry
2025-04-03,LA722826,Lobby Door,10:01:00,Entry
2025-04-03,LA190598,Lobby Door,09:32:00,Entry
2025-04-03,LA661287,Parking Access,12:30:00,Entry
2025-04-03,LA110300,Parking Access,11:21:00,Entry
2025-04-03,LA131291,Parking Access,15:24:00,Exit
2025-04-03,LA311459,West Entrance,16:57:00,Exit
2025-04-03,LA322926,Lobby Door,15:18:00,Exit
2025-04-03,LA393520,Lobby Door,13:04:00,Exit
2025-04-03,LA153824,Lobby Door,14:41:00,Entry
2025-04-03,LA369843,Lobby Door,13:56:00,Entry
2025-04-03,LA799516,South Dock,13:17:00,Entry
2025-04-03,LA168947,Lobby Door,10:39:00,Entry
2025-04-03,LA391287,South Dock,10:56:00,Entry
2025-04-03,LA343540,Lobby Door,08:21:00,Exit
2025-04-03,LA342185,Lobby Door,15:36:00,Entry
2025-04-03,LA640199,Lobby Door,08:42:00,Entry
2025-04-03,LA670264,Parking Access,12:21:00,Entry
2025-04-03,LA107501,Lobby Door,13:56:00,Exit
2025-04-03,LA320518,Lobby Door,14:19:00,Entry
2025-04-03,LA637217,Lobby Door,13:45:00,Entry
2025-04-03,LA577571,West Entrance,13:33:00,Exit
2025-04-03,LA854701,West Entrance,16:18:00,Exit
2025-04-03,LA587296,West Entrance,09:23:00,Entry
2025-04-04,LA369843,Lobby Door,11:05:00,Exit
2025-04-04,LA413640,Lobby Door,14:05:00,Entry
2025-04-04,LA587296,Lobby Door,08:41:00,Entry
2025-04-04,LA948547,West Entrance,09:25:00,Entry
2025-04-04,LA661287,Lobby Door,16:14:00,Entry
2025-04-04,LA190598,Lobby Door,12:04:00,Entry
2025-04-04,LA430655,Parking Access,13:45:00,Entry
2025-04-04,LA670780,West Entrance,09:25:00,Entry
2025-04-04,LA850625,Lobby Door,10:51:00,Entry
2025-04-04,LA670264,Lobby Door,11:58:00,Entry
2025-04-04,LA577571,Lobby Door,12:33:00,Entry
2025-04-04,LA153824,South Dock,15:37:00,Entry
2025-04-04,LA583242,West Entrance,10:47:00,Exit
2025-04-04,LA348963,West Entrance,15:32:00,Exit
2025-04-04,LA723057,Parking Access,08:44:00,Entry
2025-04-04,LA503658,Lobby Door,10:50:00,Entry
2025-04-04,LA357288,Lobby Door,09:58:00,Exit
2025-04-04,LA722826,West Entrance,14:07:00,Entry
2025-04-04,LA162443,West Entrance,15:41:00,Entry
2025-04-04,LA799516,West Entrance,15:55:00,Exit
2025-04-04,LA391287,Lobby Door,14:43:00,Entry
2025-04-04,LA591510,Parking Access,12:38:00,Entry
2025-04-04,LA289213,South Dock,16:12:00,Entry
2025-04-04,LA918982,Lobby Door,12:44:00,Entry
2025-04-04,LA764758,Lobby Door,12:38:00,Entry
2025-04-04,LA398026,Lobby Door,09:04:00,Entry
2025-04-04,LA320316,South Dock,13:53:00,Entry
2025-04-04,LA890130,West Entrance,14:33:00,Exit
2025-04-04,LA229519,Lobby Door,09:59:00,Entry
2025-04-04,LA331158,Parking Access,08:38:00,Entry
2025-04-04,LA618915,Parking Access,12:22:00,Entry
2025-04-04,LA117812,West Entrance,12:07:00,Exit
2025-04-04,LA854701,Lobby Door,15:37:00,Entry
2025-04-04,LA640199,Lobby Door,12:28:00,Entry
2025-04-04,LA579177,South Dock,11:20:00,Exit
2025-04-04,LA551045,Lobby Door,14:02:00,Exit
2025-04-04,LA635354,Parking Access,14:53:00,Entry
2025-04-04,LA343540,Lobby Door,12:58:00,Entry
2025-04-04,LA258571,South Dock,16:57:00,Entry
2025-04-04,LA637217,Lobby Door,09:25:00,Exit
2025-04-04,LA418321,Lobby Door,15:21:00,Entry
2025-04-05,LA229519,Lobby Door,10:16:00,Entry
2025-04-05,LA418321,Lobby Door,12:50:00,Entry
2025-04-05,LA552624,Lobby Door,13:03:00,Entry
2025-04-05,LA908383,South Dock,11:20:00,Entry
2025-04-05,LA320316,Lobby Door,08:19:00,Exit
2025-04-05,LA387395,Lobby Door,11:28:00,Entry
2025-04-05,LA583242,Parking Access,14:08:00,Exit
2025-04-05,LA168947,Lobby Door,12:12:00,Entry
2025-04-05,LA258571,West Entrance,15:55:00,Exit
2025-04-05,LA716642,Parking Access,08:39:00,Exit
2025-04-05,LA764758,West Entrance,13:45:00,Entry
2025-04-05,LA398026,Parking Access,13:59:00,Entry
2025-04-05,LA579177,Lobby Door,10:06:00,Entry
2025-04-05,LA343540,Lobby Door,15:50:00,Entry
2025-04-05,LA341010,Lobby Door,12:23:00,Exit
2025-04-05,LA357288,Lobby Door,12:07:00,Entry
2025-04-05,LA722826,West Entrance,10:10:00,Entry
2025-04-05,LA391287,Lobby Door,13:38:00,Entry
2025-04-05,LA153865,South Dock,08:46:00,Exit
2025-04-05,LA434881,Lobby Door,16:01:00,Entry
2025-04-05,LA878455,Lobby Door,16:04:00,Entry
2025-04-05,LA203650,West Entrance,15:25:00,Entry
2025-04-05,LA413640,Lobby Door,11:20:00,Entry
2025-04-05,LA503658,Parking Access,12:08:00,Entry
2025-04-05,LA799516,Parking Access,12:00:00,Entry
2025-04-05,LA311459,Lobby Door,08:26:00,Entry
2025-04-05,LA854701,West Entrance,12:10:00,Exit
2025-04-05,LA619458,Lobby Door,14:47:00,Exit
2025-04-05,LA369843,Lobby Door,14:40:00,Entry
2025-04-05,LA661287,West Entrance,12:20:00,Exit
2025-04-05,LA526691,Lobby Door,13:04:00,Entry
2025-04-05,LA670264,Lobby Door,16:48:00,Exit
2025-04-05,LA110300,Lobby Door,11:45:00,Entry
2025-04-05,LA850625,Lobby Door,15:30:00,Entry
2025-04-05,LA476458,South Dock,08:01:00,Entry
2025-04-05,LA107501,Lobby Door,16:21:00,Entry
2025-04-05,LA948547,South Dock,16:06:00,Exit
2025-04-05,LA561500,Lobby Door,15:01:00,Entry
2025-04-05,LA322926,South Dock,16:40:00,Exit
2025-04-05,LA587296,Lobby Door,16:43:00,Entry
2025-04-05,LA640199,South Dock,12:44:00,Entry
2025-04-06,LA618915,Parking Access,11:07:00,Entry
2025-04-06,LA583242,South Dock,13:52:00,Exit
2025-04-06,LA908383,Lobby Door,14:48:00,Exit
2025-04-06,LA640199,Lobby Door,16:31:00,Entry
2025-04-06,LA552624,West Entrance,09:50:00,Entry
2025-04-06,LA357288,West Entrance,10:48:00,Entry
2025-04-06,LA258571,Lobby Door,10:08:00,Entry
2025-04-06,LA369843,West Entrance,08:20:00,Entry
2025-04-06,LA476458,Lobby Door,08:00:00,Entry
2025-04-06,LA110300,Lobby Door,13:29:00,Exit
2025-04-06,LA591510,Lobby Door,12:29:00,Entry
2025-04-06,LA890130,South Dock,12:49:00,Exit
2025-04-06,LA387395,South Dock,10:22:00,Entry
2025-04-06,LA393520,Parking Access,16:22:00,Entry
2025-04-06,LA870088,Lobby Door,14:44:00,Entry
2025-04-06,LA348963,West Entrance,13:47:00,Entry
2025-04-06,LA918982,Lobby Door,15:01:00,Entry
2025-04-06,LA289213,Lobby Door,14:21:00,Entry
2025-04-06,LA473321,South Dock,14:25:00,Entry
2025-04-06,LA977208,West Entrance,13:06:00,Exit
2025-04-06,LA503658,Parking Access,15:25:00,Exit
2025-04-06,LA998606,Lobby Door,08:37:00,Entry
2025-04-06,LA322926,South Dock,08:50:00,Entry
2025-04-06,LA722826,South Dock,14:44:00,Entry
2025-04-06,LA311459,Parking Access,10:56:00,Entry
2025-04-06,LA203650,Lobby Door,12:48:00,Entry
2025-04-06,LA764758,Lobby Door,11:48:00,Exit
2025-04-06,LA320518,Parking Access,14:44:00,Entry
2025-04-06,LA434881,Parking Access,10:42:00,Entry
2025-04-06,LA637217,Lobby Door,12:58:00,Entry
2025-04-06,LA371349,West Entrance,13:24:00,Exit
2025-04-06,LA225865,West Entrance,08:13:00,Entry
2025-04-06,LA331158,West Entrance,14:16:00,Exit
2025-04-06,LA670780,Lobby Door,14:20:00,Entry
2025-04-06,LA587296,Lobby Door,10:45:00,Entry
2025-04-06,LA561500,Lobby Door,10:24:00,Entry
2025-04-06,LA320316,West Entrance,11:11:00,Entry
2025-04-06,LA661287,South Dock,16:09:00,Entry
2025-04-06,LA391287,Lobby Door,12:16:00,Exit
2025-04-06,LA153865,Lobby Door,15:38:00,Exit
2025-04-06,LA878455,Lobby Door,12:01:00,Entry
2025-04-07,LA503658,Lobby Door,13:21:00,Exit
2025-04-07,LA948547,Lobby Door,12:46:00,Entry
2025-04-07,LA977208,South Dock,09:55:00,Entry
2025-04-07,LA117812,Parking Access,13:05:00,Entry
2025-04-07,LA670264,West Entrance,14:39:00,Entry
2025-04-07,LA342185,Parking Access,10:06:00,Entry
2025-04-07,LA854701,Lobby Door,08:09:00,Entry
2025-04-07,LA229519,Lobby Door,08:22:00,Exit
2025-04-07,LA908383,West Entrance,12:14:00,Entry
2025-04-07,LA890130,Lobby Door,16:33:00,Entry
2025-04-07,LA110300,Lobby Door,10:29:00,Entry
2025-04-07,LA434881,Lobby Door,14:26:00,Entry
2025-04-07,LA331158,Lobby Door,09:13:00,Entry
2025-04-07,LA162443,Lobby Door,13:26:00,Exit
2025-04-07,LA418321,Lobby Door,16:25:00,Entry
2025-04-07,LA579177,Lobby Door,08:29:00,Entry
2025-04-07,LA580017,West Entrance,11:02:00,Entry
2025-04-07,LA764758,West Entrance,08:49:00,Entry
2025-04-07,LA619458,West Entrance,09:28:00,Entry
2025-04-07,LA343540,Lobby Door,08:45:00,Entry
2025-04-07,LA637217,Parking Access,09:16:00,Exit
2025-04-07,LA153865,Lobby Door,12:53:00,Entry
2025-04-07,LA850625,Lobby Door,09:19:00,Exit
2025-04-07,LA190598,West Entrance,16:06:00,Entry
2025-04-07,LA583242,West Entrance,08:19:00,Exit
2025-04-07,LA661287,Lobby Door,13:41:00,Entry
2025-04-07,LA716642,West Entrance,14:51:00,Entry
2025-04-07,LA651477,South Dock,14:11:00,Entry
2025-04-07,LA225865,Parking Access,15:23:00,Exit
2025-04-07,LA591510,Lobby Door,11:57:00,Entry
2025-04-07,LA320316,Lobby Door,08:32:00,Entry
2025-04-07,LA870088,Lobby Door,13:28:00,Entry
2025-04-07,LA391287,Lobby Door,11:30:00,Entry
2025-04-07,LA369843,South Dock,10:03:00,Entry
2025-04-07,LA153824,West Entrance,08:25:00,Entry
2025-04-07,LA387395,Lobby Door,13:52:00,Exit
2025-04-07,LA526691,West Entrance,10:22:00,Entry
2025-04-07,LA918982,West Entrance,15:54:00,Exit
2025-04-07,LA131291,West Entrance,16:22:00,Entry
2025-04-07,LA371349,Parking Access,11:03:00,Entry
2025-04-07,LA289213,Lobby Door,08:55:00,Entry
2025-04-08,LA320316,West Entrance,11:22:00,Exit
2025-04-08,LA661287,South Dock,12:38:00,Entry
2025-04-08,LA357288,Lobby Door,09:11:00,Exit
2025-04-08,LA587296,Lobby Door,09:17:00,Entry
2025-04-08,LA878455,Lobby Door,10:51:00,Entry
2025-04-08,LA418321,South Dock,08:23:00,Exit
2025-04-08,LA561500,West Entrance,10:34:00,Entry
2025-04-08,LA577571,South Dock,11:35:00,Entry
2025-04-08,LA117812,Lobby Door,14:19:00,Entry
2025-04-08,LA854701,South Dock,10:21:00,Entry
2025-04-08,LA371349,West Entrance,12:55:00,Entry
2025-04-08,LA581203,Lobby Door,11:44:00,Entry
2025-04-08,LA977208,Lobby Door,12:22:00,Exit
2025-04-08,LA168947,Lobby Door,08:36:00,Entry
2025-04-08,LA948547,Lobby Door,14:32:00,Entry
2025-04-08,LA723057,Lobby Door,13:10:00,Exit
2025-04-08,LA870088,Parking Access,14:44:00,Entry
2025-04-08,LA637217,Lobby Door,09:47:00,Entry
2025-04-08,LA131291,Lobby Door,11:27:00,Entry
2025-04-08,LA153824,Lobby Door,11:11:00,Entry
2025-04-08,LA918982,Lobby Door,08:25:00,Entry
2025-04-08,LA398026,Lobby Door,10:58:00,Exit
2025-04-08,LA651477,Lobby Door,08:43:00,Exit
2025-04-08,LA618915,Lobby Door,08:25:00,Entry
2025-04-08,LA190598,South Dock,08:03:00,Exit
2025-04-08,LA619458,Lobby Door,16:36:00,Entry
2025-04-08,LA369843,Lobby Door,16:58:00,Exit
2025-04-08,LA393520,Lobby Door,09:25:00,Entry
2025-04-08,LA552624,West Entrance,12:20:00,Exit
2025-04-08,LA635354,Lobby Door,10:51:00,Entry
2025-04-08,LA153865,Lobby Door,12:13:00,Entry
2025-04-08,LA229519,Parking Access,11:42:00,Entry
2025-04-08,LA908383,Parking Access,14:18:00,Entry
2025-04-08,LA162443,Lobby Door,11:54:00,Entry
2025-04-08,LA579177,South Dock,11:50:00,Exit
2025-04-08,LA473321,West Entrance,08:09:00,Entry
2025-04-08,LA348963,Parking Access,09:26:00,Exit
2025-04-08,LA413640,West Entrance,11:44:00,Entry
2025-04-08,LA670780,Parking Access,12:07:00,Entry
2025-04-08,LA341010,Lobby Door,16:58:00,Entry
2025-04-08,LA811817,Lobby Door,10:21:00,Entry
2025-04-09,LA723057,Lobby Door,15:11:00,Entry
2025-04-09,LA890130,Lobby Door,13:08:00,Entry
2025-04-09,LA341010,Parking Access,15:36:00,Entry
2025-04-09,LA908383,South Dock,16:02:00,Entry
2025-04-09,LA320316,West Entrance,13:48:00,Entry
2025-04-09,LA430655,Lobby Door,11:58:00,Entry
2025-04-09,LA387395,Lobby Door,16:32:00,Exit
2025-04-09,LA561500,Lobby Door,09:10:00,Entry
2025-04-09,LA764758,South Dock,13:31:00,Exit
2025-04-09,LA998606,South Dock,13:50:00,Entry
2025-04-09,LA107501,Parking Access,09:39:00,Entry
2025-04-09,LA579177,West Entrance,11:42:00,Entry
2025-04-09,LA850625,West Entrance,09:47:00,Entry
2025-04-09,LA577571,West Entrance,15:22:00,Entry
2025-04-09,LA413640,Lobby Door,10:46:00,Exit
2025-04-09,LA229519,Lobby Door,12:11:00,Exit
2025-04-09,LA311459,South Dock,16:05:00,Exit
2025-04-09,LA131291,Lobby Door,14:19:00,Exit
2025-04-09,LA651477,South Dock,16:05:00,Exit
2025-04-09,LA203650,Lobby Door,12:57:00,Entry
2025-04-09,LA398026,Lobby Door,15:35:00,Entry
2025-04-09,LA799516,West Entrance,08:01:00,Entry
2025-04-09,LA716642,South Dock,11:08:00,Entry
2025-04-09,LA918982,Lobby Door,08:27:00,Entry
2025-04-09,LA526691,Lobby Door,09:03:00,Entry
2025-04-09,LA322926,Lobby Door,15:54:00,Entry
2025-04-09,LA552624,West Entrance,11:16:00,Entry
2025-04-09,LA357288,West Entrance,15:59:00,Entry
2025-04-09,LA854701,Lobby Door,10:53:00,Entry
2025-04-09,LA670264,Parking Access,08:54:00,Entry
2025-04-09,LA371349,Lobby Door,12:25:00,Exit
2025-04-09,LA619458,South Dock,12:14:00,Entry
2025-04-09,LA604674,South Dock,14:23:00,Exit
2025-04-09,LA670780,Lobby Door,10:27:00,Entry
2025-04-09,LA153824,West Entrance,16:55:00,Exit
2025-04-09,LA870088,South Dock,13:37:00,Entry
2025-04-09,LA418321,Parking Access,09:09:00,Entry
2025-04-09,LA190598,West Entrance,09:44:00,Entry
2025-04-09,LA878455,Lobby Door,11:51:00,Entry
2025-04-09,LA162443,Parking Access,15:06:00,Entry
2025-04-09,LA153865,South Dock,15:39:00,Entry
2025-04-10,LA587296,West Entrance,11:35:00,Exit
2025-04-10,LA918982,Lobby Door,14:55:00,Exit
2025-04-10,LA387395,Parking Access,09:09:00,Entry
2025-04-10,LA110300,Lobby Door,09:19:00,Entry
2025-04-10,LA413640,South Dock,16:21:00,Exit
2025-04-10,LA162443,South Dock,14:59:00,Exit
2025-04-10,LA220594,Lobby Door,12:49:00,Entry
2025-04-10,LA258571,Lobby Door,16:32:00,Entry
2025-04-10,LA870088,Lobby Door,10:22:00,Entry
2025-04-10,LA369843,Parking Access,12:00:00,Entry
2025-04-10,LA331158,Parking Access,08:06:00,Entry
2025-04-10,LA635354,Parking Access,13:57:00,Entry
2025-04-10,LA579177,South Dock,09:56:00,Entry
2025-04-10,LA190598,Parking Access,11:50:00,Entry
2025-04-10,LA661287,Lobby Door,10:37:00,Entry
2025-04-10,LA393520,South Dock,10:13:00,Entry
2025-04-10,LA799516,West Entrance,14:30:00,Entry
2025-04-10,LA670264,Lobby Door,15:48:00,Exit
2025-04-10,LA341010,Parking Access,16:53:00,Exit
2025-04-10,LA977208,Parking Access,09:43:00,Exit
2025-04-10,LA722826,Parking Access,15:03:00,Entry
2025-04-10,LA551045,Lobby Door,16:25:00,Exit
2025-04-10,LA168947,Parking Access,09:58:00,Entry
2025-04-10,LA225865,Lobby Door,11:09:00,Exit
2025-04-10,LA418321,West Entrance,10:47:00,Exit
2025-04-10,LA581203,Lobby Door,11:31:00,Entry
2025-04-10,LA583242,Lobby Door,16:33:00,Entry
2025-04-10,LA890130,South Dock,08:42:00,Entry
2025-04-10,LA619458,Lobby Door,08:57:00,Exit
2025-04-10,LA371349,Parking Access,11:19:00,Exit
2025-04-10,LA131291,West Entrance,16:40:00,Entry
2025-04-10,LA117812,West Entrance,08:48:00,Entry
2025-04-10,LA391287,Lobby Door,12:13:00,Exit
2025-04-10,LA723057,Parking Access,10:59:00,Exit
2025-04-10,LA398026,Parking Access,14:16:00,Entry
2025-04-10,LA561500,Lobby Door,16:57:00,Entry
2025-04-10,LA357288,West Entrance,13:55:00,Exit
2025-04-10,LA322926,Parking Access,14:11:00,Entry
2025-04-10,LA430655,South Dock,16:40:00,Exit
2025-04-10,LA604674,Parking Access,13:47:00,Entry
2025-04-10,LA473321,West Entrance,12:47:00,Entry
2025-04-11,LA393520,South Dock,16:26:00,Entry
2025-04-11,LA391287,Lobby Door,08:54:00,Entry
2025-04-11,LA799516,Lobby Door,17:00:00,Exit
2025-04-11,LA583242,Lobby Door,12:04:00,Exit
2025-04-11,LA473321,Lobby Door,14:19:00,Entry
2025-04-11,LA552624,Lobby Door,15:28:00,Entry
2025-04-11,LA854701,Lobby Door,11:27:00,Exit
2025-04-11,LA661287,South Dock,15:45:00,Entry
2025-04-11,LA343540,South Dock,10:56:00,Exit
2025-04-11,LA850625,Lobby Door,08:25:00,Exit
2025-04-11,LA322926,South Dock,16:15:00,Entry
2025-04-11,LA342185,Lobby Door,10:44:00,Exit
2025-04-11,LA670780,South Dock,09:06:00,Entry
2025-04-11,LA153865,Lobby Door,11:57:00,Entry
2025-04-11,LA434881,Lobby Door,09:39:00,Entry
2025-04-11,LA619458,Lobby Door,08:55:00,Exit
2025-04-11,LA131291,West Entrance,09:34:00,Entry
2025-04-11,LA670264,Lobby Door,14:21:00,Exit
2025-04-11,LA722826,Lobby Door,11:58:00,Entry
2025-04-11,LA476458,Lobby Door,13:28:00,Entry
2025-04-11,LA220594,Lobby Door,12:04:00,Exit
2025-04-11,LA587296,South Dock,11:04:00,Entry
2025-04-11,LA591510,Parking Access,10:21:00,Entry
2025-04-11,LA387395,Parking Access,10:38:00,Exit
2025-04-11,LA320316,Lobby Door,11:35:00,Entry
2025-04-11,LA371349,Lobby Door,11:12:00,Entry
2025-04-11,LA413640,West Entrance,15:05:00,Entry
2025-04-11,LA908383,South Dock,14:44:00,Entry
2025-04-11,LA918982,Lobby Door,13:44:00,Exit
2025-04-11,LA637217,Lobby Door,09:30:00,Entry
2025-04-11,LA551045,West Entrance,09:18:00,Exit
2025-04-11,LA369843,Lobby Door,10:34:00,Entry
2025-04-11,LA503658,Lobby Door,15:57:00,Exit
2025-04-11,LA561500,Lobby Door,08:38:00,Exit
2025-04-11,LA107501,Lobby Door,14:12:00,Entry
2025-04-11,LA168947,South Dock,13:01:00,Exit
2025-04-11,LA225865,West Entrance,09:39:00,Entry
2025-04-11,LA890130,Lobby Door,09:37:00,Entry
2025-04-11,LA289213,Parking Access,12:28:00,Entry
2025-04-11,LA153824,Lobby Door,11:12:00,Entry
2025-04-11,LA430655,South Dock,09:14:00,Exit
2025-04-12,LA637217,Lobby Door,14:10:00,Entry
2025-04-12,LA258571,South Dock,11:09:00,Exit
2025-04-12,LA348963,Lobby Door,14:33:00,Exit
2025-04-12,LA723057,Lobby Door,08:47:00,Entry
2025-04-12,LA890130,Lobby Door,16:22:00,Entry
2025-04-12,LA670780,West Entrance,10:29:00,Exit
2025-04-12,LA393520,Parking Access,10:08:00,Entry
2025-04-12,LA635354,Lobby Door,13:26:00,Entry
2025-04-12,LA357288,Parking Access,15:49:00,Entry
2025-04-12,LA190598,Lobby Door,11:23:00,Exit
2025-04-12,LA948547,Lobby Door,10:27:00,Entry
2025-04-12,LA162443,Lobby Door,11:40:00,Entry
2025-04-12,LA551045,Parking Access,08:56:00,Exit
2025-04-12,LA369843,West Entrance,12:29:00,Entry
2025-04-12,LA526691,Lobby Door,10:56:00,Exit
2025-04-12,LA552624,Lobby Door,09:31:00,Exit
2025-04-12,LA579177,Parking Access,13:52:00,Entry
2025-04-12,LA220594,Lobby Door,16:55:00,Entry
2025-04-12,LA587296,Parking Access,09:39:00,Entry
2025-04-12,LA850625,Lobby Door,10:34:00,Entry
2025-04-12,LA670264,West Entrance,10:12:00,Exit
2025-04-12,LA320518,South Dock,09:44:00,Entry
2025-04-12,LA799516,Lobby Door,13:46:00,Entry
2025-04-12,LA289213,Lobby Door,08:24:00,Entry
2025-04-12,LA473321,Lobby Door,11:19:00,Entry
2025-04-12,LA716642,Lobby Door,08:24:00,Entry
2025-04-12,LA870088,Parking Access,10:25:00,Exit
2025-04-12,LA203650,Parking Access,09:20:00,Entry
2025-04-12,LA661287,Parking Access,08:28:00,Exit
2025-04-12,LA320316,Lobby Door,10:26:00,Entry
2025-04-12,LA503658,Lobby Door,15:09:00,Entry
2025-04-12,LA110300,South Dock,12:46:00,Entry
2025-04-12,LA153824,Lobby Door,13:35:00,Exit
2025-04-12,LA430655,South Dock,09:26:00,Entry
2025-04-12,LA343540,South Dock,10:28:00,Entry
2025-04-12,LA225865,Lobby Door,08:39:00,Exit
2025-04-12,LA341010,West Entrance,16:08:00,Exit
2025-04-12,LA918982,Parking Access,10:15:00,Entry
2025-04-12,LA583242,Lobby Door,08:09:00,Exit
2025-04-12,LA580017,South Dock,09:04:00,Entry
2025-04-12,LA331158,Lobby Door,15:48:00,Entry
2025-04-13,LA918982,Lobby Door,15:46:00,Entry
2025-04-13,LA503658,West Entrance,13:47:00,Entry
2025-04-13,LA190598,Lobby Door,09:36:00,Entry
2025-04-13,LA587296,Lobby Door,13:25:00,Entry
2025-04-13,LA890130,West Entrance,09:19:00,Entry
2025-04-13,LA110300,Lobby Door,11:48:00,Entry
2025-04-13,LA391287,Parking Access,09:46:00,Entry
2025-04-13,LA162443,Lobby Door,15:46:00,Entry
2025-04-13,LA357288,South Dock,10:56:00,Entry
2025-04-13,LA552624,South Dock,16:22:00,Entry
2025-04-13,LA369843,Lobby Door,16:21:00,Exit
2025-04-13,LA320518,Parking Access,08:47:00,Entry
2025-04-13,LA551045,Parking Access,11:26:00,Exit
2025-04-13,LA670264,Parking Access,10:54:00,Entry
2025-04-13,LA418321,Lobby Door,09:57:00,Entry
2025-04-13,LA371349,Lobby Door,16:02:00,Exit
2025-04-13,LA878455,Lobby Door,14:13:00,Entry
2025-04-13,LA153824,Lobby Door,10:13:00,Exit
2025-04-13,LA948547,South Dock,16:17:00,Entry
2025-04-13,LA799516,Lobby Door,11:27:00,Entry
2025-04-13,LA225865,Lobby Door,13:05:00,Exit
2025-04-13,LA473321,South Dock,08:19:00,Exit
2025-04-13,LA604674,South Dock,15:35:00,Entry
2025-04-13,LA398026,Lobby Door,12:07:00,Exit
2025-04-13,LA577571,Lobby Door,14:57:00,Entry
2025-04-13,LA322926,Lobby Door,12:36:00,Exit
2025-04-13,LA203650,Lobby Door,13:21:00,Exit
2025-04-13,LA637217,South Dock,09:44:00,Exit
2025-04-13,LA854701,Lobby Door,12:27:00,Exit
2025-04-13,LA583242,Parking Access,09:01:00,Entry
2025-04-13,LA393520,Lobby Door,09:55:00,Entry
2025-04-13,LA131291,West Entrance,14:36:00,Entry
2025-04-13,LA811817,Lobby Door,15:52:00,Entry
2025-04-13,LA229519,Lobby Door,15:56:00,Exit
2025-04-13,LA580017,Lobby Door,10:02:00,Exit
2025-04-13,LA258571,Lobby Door,12:46:00,Entry
2025-04-13,LA342185,Lobby Door,12:32:00,Entry
2025-04-13,LA107501,Lobby Door,09:16:00,Entry
2025-04-13,LA716642,West Entrance,13:24:00,Entry
2025-04-13,LA348963,Lobby Door,16:11:00,Exit
2025-04-13,LA434881,South Dock,09:52:00,Entry
2025-04-14,LA153865,Lobby Door,09:09:00,Entry
2025-04-14,LA153824,Lobby Door,14:54:00,Entry
2025-04-14,LA258571,Lobby Door,13:00:00,Entry
2025-04-14,LA369843,Lobby Door,12:03:00,Exit
2025-04-14,LA670780,West Entrance,11:53:00,Entry
2025-04-14,LA998606,South Dock,10:19:00,Exit
2025-04-14,LA977208,South Dock,12:19:00,Entry
2025-04-14,LA908383,South Dock,09:51:00,Entry
2025-04-14,LA320518,Lobby Door,13:23:00,Entry
2025-04-14,LA723057,Parking Access,13:02:00,Exit
2025-04-14,LA342185,Lobby Door,09:42:00,Entry
2025-04-14,LA587296,Lobby Door,10:37:00,Entry
2025-04-14,LA341010,West Entrance,12:03:00,Entry
2025-04-14,LA764758,West Entrance,11:16:00,Entry
2025-04-14,LA870088,Lobby Door,11:50:00,Exit
2025-04-14,LA918982,West Entrance,11:06:00,Entry
2025-04-14,LA850625,West Entrance,16:08:00,Entry
2025-04-14,LA168947,West Entrance,12:58:00,Exit
2025-04-14,LA604674,Lobby Door,09:03:00,Entry
2025-04-14,LA131291,South Dock,15:44:00,Entry
2025-04-14,LA637217,Lobby Door,14:35:00,Exit
2025-04-14,LA577571,Lobby Door,12:55:00,Entry
2025-04-14,LA418321,Lobby Door,15:28:00,Entry
2025-04-14,LA722826,Lobby Door,12:56:00,Exit
2025-04-14,LA591510,Lobby Door,12:50:00,Entry
2025-04-14,LA716642,Lobby Door,08:25:00,Exit
2025-04-14,LA476458,South Dock,16:27:00,Entry
2025-04-14,LA670264,Lobby Door,11:36:00,Entry
2025-04-14,LA331158,South Dock,14:22:00,Entry
2025-04-14,LA811817,Parking Access,12:45:00,Entry
2025-04-14,LA890130,West Entrance,08:05:00,Exit
2025-04-14,LA878455,Parking Access,13:26:00,Entry
2025-04-14,LA434881,Lobby Door,14:11:00,Exit
2025-04-14,LA473321,Parking Access,08:41:00,Entry
2025-04-14,LA854701,Parking Access,08:34:00,Exit
2025-04-14,LA580017,Lobby Door,08:02:00,Entry
2025-04-14,LA320316,Lobby Door,12:51:00,Entry
2025-04-14,LA799516,Parking Access,09:06:00,Exit
2025-04-14,LA225865,Lobby Door,13:21:00,Entry
2025-04-14,LA107501,South Dock,13:53:00,Entry
2025-04-14,LA203650,Parking Access,14:06:00,Entry
2025-04-15,LA870088,West Entrance,09:33:00,Entry
2025-04-15,LA430655,Lobby Door,16:48:00,Exit
2025-04-15,LA476458,Lobby Door,15:51:00,Exit
2025-04-15,LA581203,Lobby Door,16:44:00,Entry
2025-04-15,LA878455,West Entrance,11:48:00,Exit
2025-04-15,LA977208,Lobby Door,13:42:00,Entry
2025-04-15,LA723057,Parking Access,13:57:00,Entry
2025-04-15,LA577571,Lobby Door,09:52:00,Exit
2025-04-15,LA387395,Lobby Door,08:36:00,Entry
2025-04-15,LA369843,Lobby Door,08:56:00,Entry
2025-04-15,LA670264,Parking Access,12:14:00,Exit
2025-04-15,LA343540,Parking Access,10:07:00,Exit
2025-04-15,LA398026,Lobby Door,15:37:00,Exit
2025-04-15,LA107501,South Dock,10:19:00,Exit
2025-04-15,LA580017,Lobby Door,09:21:00,Entry
2025-04-15,LA799516,Lobby Door,13:49:00,Entry
2025-04-15,LA998606,Lobby Door,12:28:00,Exit
2025-04-15,LA591510,South Dock,16:26:00,Exit
2025-04-15,LA311459,West Entrance,16:56:00,Exit
2025-04-15,LA670780,Lobby Door,14:45:00,Entry
2025-04-15,LA551045,South Dock,13:58:00,Entry
2025-04-15,LA357288,Parking Access,13:16:00,Entry
2025-04-15,LA635354,Lobby Door,10:51:00,Entry
2025-04-15,LA371349,Lobby Door,10:27:00,Entry
2025-04-15,LA131291,South Dock,10:30:00,Exit
2025-04-15,LA716642,Parking Access,15:31:00,Entry
2025-04-15,LA190598,West Entrance,09:18:00,Entry
2025-04-15,LA331158,Parking Access,11:06:00,Exit
2025-04-15,LA320316,Lobby Door,13:22:00,Exit
2025-04-15,LA561500,Lobby Door,12:21:00,Entry
2025-04-15,LA391287,Parking Access,12:23:00,Entry
2025-04-15,LA854701,Parking Access,15:07:00,Exit
2025-04-15,LA418321,South Dock,09:02:00,Exit
2025-04-15,LA619458,West Entrance,09:41:00,Entry
2025-04-15,LA225865,South Dock,15:47:00,Entry
2025-04-15,LA413640,Lobby Door,14:05:00,Exit
2025-04-15,LA640199,Lobby Door,12:46:00,Entry
2025-04-15,LA661287,Parking Access,10:21:00,Entry
2025-04-15,LA908383,Parking Access,15:20:00,Entry
2025-04-15,LA604674,South Dock,16:47:00,Entry
2025-04-15,LA850625,Parking Access,08:31:00,Entry
2025-04-16,LA107501,Lobby Door,14:54:00,Entry
2025-04-16,LA635354,Lobby Door,16:40:00,Entry
2025-04-16,LA723057,Parking Access,09:51:00,Entry
2025-04-16,LA850625,South Dock,12:32:00,Entry
2025-04-16,LA998606,South Dock,13:34:00,Entry
2025-04-16,LA117812,Parking Access,13:17:00,Entry
2025-04-16,LA153865,Parking Access,15:34:00,Entry
2025-04-16,LA503658,Parking Access,10:42:00,Entry
2025-04-16,LA561500,South Dock,15:22:00,Entry
2025-04-16,LA131291,West Entrance,16:40:00,Entry
2025-04-16,LA476458,Parking Access,13:52:00,Exit
2025-04-16,LA229519,Lobby Door,12:51:00,Exit
2025-04-16,LA473321,Parking Access,13:32:00,Exit
2025-04-16,LA348963,Lobby Door,09:05:00,Entry
2025-04-16,LA670780,South Dock,08:46:00,Entry
2025-04-16,LA577571,West Entrance,09:58:00,Entry
2025-04-16,LA908383,Lobby Door,16:26:00,Entry
2025-04-16,LA854701,Lobby Door,13:44:00,Exit
2025-04-16,LA393520,Lobby Door,10:07:00,Entry
2025-04-16,LA587296,West Entrance,15:18:00,Entry
2025-04-16,LA722826,Parking Access,13:34:00,Entry
2025-04-16,LA640199,Lobby Door,15:29:00,Entry
2025-04-16,LA311459,Parking Access,08:48:00,Entry
2025-04-16,LA342185,West Entrance,13:15:00,Entry
2025-04-16,LA811817,Lobby Door,13:54:00,Exit
2025-04-16,LA225865,Lobby Door,14:50:00,Entry
2025-04-16,LA343540,West Entrance,11:28:00,Entry
2025-04-16,LA203650,Parking Access,12:45:00,Entry
2025-04-16,LA799516,Lobby Door,09:22:00,Exit
2025-04-16,LA870088,Lobby Door,08:37:00,Exit
2025-04-16,LA387395,Lobby Door,15:22:00,Entry
2025-04-16,LA153824,West Entrance,11:22:00,Entry
2025-04-16,LA764758,West Entrance,10:45:00,Exit
2025-04-16,LA618915,Lobby Door,13:00:00,Exit
2025-04-16,LA418321,South Dock,12:29:00,Entry
2025-04-16,LA661287,Lobby Door,15:22:00,Entry
2025-04-16,LA977208,Parking Access,10:52:00,Exit
2025-04-16,LA322926,Lobby Door,15:48:00,Exit
2025-04-16,LA398026,Parking Access,13:35:00,Exit
2025-04-16,LA320316,West Entrance,08:39:00,Entry
2025-04-16,LA110300,Lobby Door,15:35:00,Exit
2025-04-17,LA341010,South Dock,16:40:00,Exit
2025-04-17,LA661287,West Entrance,16:19:00,Entry
2025-04-17,LA890130,West Entrance,14:30:00,Entry
2025-04-17,LA723057,West Entrance,12:25:00,Entry
2025-04-17,LA619458,Lobby Door,11:18:00,Entry
2025-04-17,LA258571,Parking Access,08:07:00,Entry
2025-04-17,LA587296,South Dock,10:33:00,Entry
2025-04-17,LA190598,South Dock,12:25:00,Exit
2025-04-17,LA348963,South Dock,15:07:00,Exit
2025-04-17,LA107501,Lobby Door,10:43:00,Exit
2025-04-17,LA552624,Lobby Door,12:26:00,Entry
2025-04-17,LA434881,Lobby Door,14:38:00,Entry
2025-04-17,LA581203,Lobby Door,15:56:00,Exit
2025-04-17,LA342185,South Dock,12:10:00,Entry
2025-04-17,LA311459,Parking Access,12:42:00,Entry
2025-04-17,LA908383,West Entrance,14:01:00,Entry
2025-04-17,LA413640,Lobby Door,11:47:00,Entry
2025-04-17,LA604674,West Entrance,15:12:00,Exit
2025-04-17,LA580017,Lobby Door,15:19:00,Entry
2025-04-17,LA870088,Lobby Door,09:54:00,Entry
2025-04-17,LA854701,West Entrance,10:32:00,Entry
2025-04-17,LA331158,South Dock,15:03:00,Exit
2025-04-17,LA850625,Lobby Door,12:12:00,Entry
2025-04-17,LA618915,West Entrance,10:48:00,Exit
2025-04-17,LA320316,Lobby Door,10:03:00,Exit
2025-04-17,LA117812,Lobby Door,11:19:00,Entry
2025-04-17,LA418321,South Dock,09:10:00,Entry
2025-04-17,LA716642,Lobby Door,09:13:00,Entry
2025-04-17,LA977208,Parking Access,09:13:00,Entry
2025-04-17,LA635354,Parking Access,14:30:00,Exit
2025-04-17,LA220594,Parking Access,13:01:00,Entry
2025-04-17,LA948547,Lobby Door,09:57:00,Exit
2025-04-17,LA551045,Lobby Door,15:42:00,Entry
2025-04-17,LA387395,Lobby Door,10:46:00,Exit
2025-04-17,LA503658,West Entrance,10:48:00,Entry
2025-04-17,LA878455,Lobby Door,10:15:00,Entry
2025-04-17,LA651477,Lobby Door,12:16:00,Entry
2025-04-17,LA320518,Lobby Door,12:16:00,Exit
2025-04-17,LA476458,Lobby Door,09:17:00,Entry
2025-04-17,LA229519,West Entrance,14:21:00,Exit
2025-04-17,LA670264,Lobby Door,15:11:00,Entry
2025-04-18,LA341010,Lobby Door,09:20:00,Exit
2025-04-18,LA918982,Lobby Door,15:51:00,Exit
2025-04-18,LA348963,Lobby Door,13:58:00,Exit
2025-04-18,LA948547,Lobby Door,14:31:00,Exit
2025-04-18,LA342185,West Entrance,15:18:00,Exit
2025-04-18,LA162443,Parking Access,09:54:00,Exit
2025-04-18,LA225865,Lobby Door,10:55:00,Entry
2025-04-18,LA107501,Lobby Door,15:25:00,Entry
2025-04-18,LA258571,Lobby Door,09:59:00,Exit
2025-04-18,LA577571,South Dock,14:47:00,Exit
2025-04-18,LA618915,Lobby Door,11:59:00,Entry
2025-04-18,LA434881,Lobby Door,12:47:00,Entry
2025-04-18,LA322926,South Dock,16:11:00,Exit
2025-04-18,LA203650,Lobby Door,09:54:00,Entry
2025-04-18,LA591510,Lobby Door,16:11:00,Entry
2025-04-18,LA320316,Parking Access,09:27:00,Entry
2025-04-18,LA870088,West Entrance,13:13:00,Entry
2025-04-18,LA387395,Lobby Door,13:18:00,Entry
2025-04-18,LA670780,Parking Access,09:36:00,Entry
2025-04-18,LA640199,Lobby Door,14:16:00,Entry
2025-04-18,LA413640,South Dock,09:07:00,Entry
2025-04-18,LA503658,Lobby Door,11:57:00,Entry
2025-04-18,LA854701,Lobby Door,14:09:00,Exit
2025-04-18,LA977208,South Dock,14:00:00,Exit
2025-04-18,LA168947,South Dock,11:06:00,Entry
2025-04-18,LA583242,West Entrance,10:47:00,Entry
2025-04-18,LA229519,Lobby Door,14:09:00,Exit
2025-04-18,LA561500,Lobby Door,13:37:00,Exit
2025-04-18,LA587296,Lobby Door,12:55:00,Exit
2025-04-18,LA369843,South Dock,09:51:00,Entry
2025-04-18,LA635354,Parking Access,08:31:00,Entry
2025-04-18,LA220594,South Dock,10:36:00,Entry
2025-04-18,LA850625,Parking Access,13:29:00,Entry
2025-04-18,LA393520,West Entrance,12:40:00,Entry
2025-04-18,LA581203,West Entrance,10:43:00,Entry
2025-04-18,LA619458,Lobby Door,08:41:00,Entry
2025-04-18,LA637217,Lobby Door,11:29:00,Entry
2025-04-18,LA722826,West Entrance,14:21:00,Entry
2025-04-18,LA811817,Parking Access,16:38:00,Entry
2025-04-18,LA716642,Lobby Door,15:30:00,Entry
2025-04-18,LA799516,Parking Access,15:49:00,Entry
2025-04-19,LA348963,Lobby Door,12:24:00,Entry
2025-04-19,LA387395,Lobby Door,14:38:00,Entry
2025-04-19,LA850625,West Entrance,14:52:00,Entry
2025-04-19,LA503658,Lobby Door,14:59:00,Entry
2025-04-19,LA551045,Lobby Door,08:29:00,Entry
2025-04-19,LA552624,Lobby Door,10:57:00,Exit
2025-04-19,LA722826,Lobby Door,08:02:00,Entry
2025-04-19,LA473321,West Entrance,14:53:00,Entry
2025-04-19,LA716642,Lobby Door,14:10:00,Entry
2025-04-19,LA203650,South Dock,08:02:00,Entry
2025-04-19,LA162443,Lobby Door,10:28:00,Entry
2025-04-19,LA320518,Parking Access,12:53:00,Entry
2025-04-19,LA640199,West Entrance,11:00:00,Entry
2025-04-19,LA604674,South Dock,14:14:00,Entry
2025-04-19,LA371349,Parking Access,14:47:00,Entry
2025-04-19,LA168947,Lobby Door,10:45:00,Entry
2025-04-19,LA341010,South Dock,14:50:00,Entry
2025-04-19,LA311459,Lobby Door,09:30:00,Entry
2025-04-19,LA918982,Lobby Door,12:07:00,Entry
2025-04-19,LA977208,South Dock,13:12:00,Entry
2025-04-19,LA289213,Lobby Door,15:52:00,Entry
2025-04-19,LA320316,South Dock,09:21:00,Entry
2025-04-19,LA153824,Lobby Door,13:31:00,Entry
2025-04-19,LA357288,Lobby Door,12:49:00,Exit
2025-04-19,LA577571,South Dock,12:34:00,Exit
2025-04-19,LA430655,South Dock,11:35:00,Exit
2025-04-19,LA476458,West Entrance,16:07:00,Entry
2025-04-19,LA661287,Lobby Door,09:28:00,Entry
2025-04-19,LA799516,Lobby Door,12:39:00,Entry
2025-04-19,LA561500,Lobby Door,16:07:00,Exit
2025-04-19,LA322926,Parking Access,12:24:00,Entry
2025-04-19,LA890130,Lobby Door,11:13:00,Entry
2025-04-19,LA579177,Lobby Door,13:59:00,Entry
2025-04-19,LA110300,South Dock,12:10:00,Entry
2025-04-19,LA258571,Parking Access,15:21:00,Entry
2025-04-19,LA190598,Parking Access,10:27:00,Entry
2025-04-19,LA153865,South Dock,14:16:00,Exit
2025-04-19,LA117812,West Entrance,13:28:00,Entry
2025-04-19,LA331158,West Entrance,10:26:00,Entry
2025-04-19,LA526691,Parking Access,12:40:00,Exit
2025-04-19,LA591510,Parking Access,10:50:00,Exit
2025-04-20,LA716642,Lobby Door,14:52:00,Entry
2025-04-20,LA722826,South Dock,13:09:00,Exit
2025-04-20,LA579177,Lobby Door,08:14:00,Entry
2025-04-20,LA587296,West Entrance,12:55:00,Exit
2025-04-20,LA203650,Lobby Door,15:59:00,Entry
2025-04-20,LA998606,Lobby Door,11:58:00,Entry
2025-04-20,LA225865,South Dock,08:05:00,Entry
2025-04-20,LA561500,Lobby Door,08:18:00,Entry
2025-04-20,LA168947,Lobby Door,08:00:00,Exit
2025-04-20,LA583242,West Entrance,08:46:00,Entry
2025-04-20,LA117812,Lobby Door,15:57:00,Entry
2025-04-20,LA341010,West Entrance,08:36:00,Entry
2025-04-20,LA289213,Parking Access,13:38:00,Entry
2025-04-20,LA577571,Parking Access,14:03:00,Entry
2025-04-20,LA357288,Lobby Door,15:34:00,Entry
2025-04-20,LA153824,Lobby Door,14:15:00,Entry
2025-04-20,LA551045,Lobby Door,08:49:00,Exit
2025-04-20,LA413640,South Dock,09:01:00,Entry
2025-04-20,LA229519,Lobby Door,15:26:00,Entry
2025-04-20,LA552624,South Dock,09:07:00,Exit
2025-04-20,LA320316,South Dock,11:59:00,Entry
2025-04-20,LA153865,South Dock,10:56:00,Entry
2025-04-20,LA503658,South Dock,11:06:00,Exit
2025-04-20,LA890130,South Dock,14:31:00,Entry
2025-04-20,LA220594,Lobby Door,15:00:00,Entry
2025-04-20,LA393520,Lobby Door,11:14:00,Entry
2025-04-20,LA670264,South Dock,11:38:00,Entry
2025-04-20,LA331158,South Dock,13:46:00,Exit
2025-04-20,LA977208,West Entrance,12:26:00,Entry
2025-04-20,LA320518,Lobby Door,12:40:00,Exit
2025-04-20,LA371349,South Dock,13:30:00,Entry
2025-04-20,LA799516,South Dock,11:36:00,Exit
2025-04-20,LA131291,West Entrance,15:50:00,Exit
2025-04-20,LA342185,Lobby Door,11:43:00,Exit
2025-04-20,LA870088,West Entrance,11:59:00,Exit
2025-04-20,LA418321,Lobby Door,16:34:00,Entry
2025-04-20,LA311459,West Entrance,08:33:00,Entry
2025-04-20,LA619458,Lobby Door,08:40:00,Entry
2025-04-20,LA604674,Lobby Door,12:41:00,Entry
2025-04-20,LA948547,Lobby Door,13:49:00,Entry
2025-04-20,LA640199,Lobby Door,11:12:00,Entry
2025-04-21,LA190598,Lobby Door,13:57:00,Exit
2025-04-21,LA371349,Lobby Door,11:03:00,Entry
2025-04-21,LA878455,West Entrance,16:09:00,Entry
2025-04-21,LA561500,West Entrance,10:32:00,Exit
2025-04-21,LA977208,South Dock,15:42:00,Exit
2025-04-21,LA391287,Parking Access,14:29:00,Exit
2025-04-21,LA343540,South Dock,10:30:00,Exit
2025-04-21,LA670780,Lobby Door,15:10:00,Exit
2025-04-21,LA418321,West Entrance,12:23:00,Entry
2025-04-21,LA258571,Lobby Door,14:38:00,Entry
2025-04-21,LA341010,South Dock,14:39:00,Entry
2025-04-21,LA107501,South Dock,16:43:00,Entry
2025-04-21,LA799516,Lobby Door,10:35:00,Entry
2025-04-21,LA476458,Parking Access,13:14:00,Entry
2025-04-21,LA551045,West Entrance,13:53:00,Exit
2025-04-21,LA220594,Parking Access,11:06:00,Entry
2025-04-21,LA716642,Lobby Door,11:53:00,Exit
2025-04-21,LA348963,Lobby Door,12:14:00,Entry
2025-04-21,LA580017,West Entrance,11:38:00,Entry
2025-04-21,LA430655,Parking Access,10:04:00,Entry
2025-04-21,LA162443,West Entrance,13:09:00,Entry
2025-04-21,LA289213,Parking Access,10:06:00,Entry
2025-04-21,LA203650,Parking Access,15:37:00,Entry
2025-04-21,LA577571,Lobby Door,09:34:00,Exit
2025-04-21,LA311459,Lobby Door,08:48:00,Entry
2025-04-21,LA393520,Parking Access,15:13:00,Exit
2025-04-21,LA168947,South Dock,09:29:00,Entry
2025-04-21,LA131291,South Dock,10:05:00,Entry
2025-04-21,LA413640,West Entrance,12:09:00,Entry
2025-04-21,LA587296,South Dock,11:28:00,Exit
2025-04-21,LA604674,Parking Access,15:17:00,Exit
2025-04-21,LA117812,Parking Access,11:38:00,Entry
2025-04-21,LA369843,Lobby Door,16:04:00,Entry
2025-04-21,LA723057,South Dock,14:33:00,Exit
2025-04-21,LA870088,South Dock,14:24:00,Entry
2025-04-21,LA153865,Lobby Door,09:07:00,Entry
2025-04-21,LA918982,Lobby Door,10:57:00,Exit
2025-04-21,LA526691,South Dock,15:29:00,Entry
2025-04-21,LA552624,South Dock,11:41:00,Exit
2025-04-21,LA637217,Parking Access,13:48:00,Entry
2025-04-21,LA320518,South Dock,14:27:00,Exit
2025-04-22,LA190598,Parking Access,12:45:00,Exit
2025-04-22,LA320316,Lobby Door,10:38:00,Exit
2025-04-22,LA948547,South Dock,13:04:00,Entry
2025-04-22,LA393520,Lobby Door,09:42:00,Exit
2025-04-22,LA661287,Lobby Door,09:29:00,Entry
2025-04-22,LA651477,Parking Access,09:29:00,Entry
2025-04-22,LA322926,Parking Access,10:22:00,Entry
2025-04-22,LA153824,South Dock,15:42:00,Exit
2025-04-22,LA890130,Lobby Door,16:07:00,Entry
2025-04-22,LA854701,Lobby Door,08:42:00,Entry
2025-04-22,LA918982,Lobby Door,15:26:00,Entry
2025-04-22,LA343540,West Entrance,11:50:00,Entry
2025-04-22,LA476458,Lobby Door,15:55:00,Exit
2025-04-22,LA670780,Parking Access,13:17:00,Exit
2025-04-22,LA434881,Parking Access,15:10:00,Exit
2025-04-22,LA398026,Lobby Door,13:28:00,Exit
2025-04-22,LA635354,Lobby Door,13:03:00,Exit
2025-04-22,LA722826,Lobby Door,11:25:00,Exit
2025-04-22,LA413640,South Dock,10:02:00,Entry
2025-04-22,LA229519,Lobby Door,08:52:00,Exit
2025-04-22,LA168947,Lobby Door,14:50:00,Exit
2025-04-22,LA162443,South Dock,13:08:00,Exit
2025-04-22,LA998606,Lobby Door,08:16:00,Entry
2025-04-22,LA581203,South Dock,12:26:00,Exit
2025-04-22,LA203650,South Dock,08:06:00,Entry
2025-04-22,LA870088,Lobby Door,13:50:00,Exit
2025-04-22,LA618915,Lobby Door,12:37:00,Exit
2025-04-22,LA131291,West Entrance,08:52:00,Entry
2025-04-22,LA117812,Lobby Door,10:19:00,Entry
2025-04-22,LA258571,Lobby Door,14:10:00,Exit
2025-04-22,LA551045,Lobby Door,11:14:00,Exit
2025-04-22,LA561500,Parking Access,13:26:00,Entry
2025-04-22,LA110300,West Entrance,15:40:00,Exit
2025-04-22,LA153865,Lobby Door,16:06:00,Entry
2025-04-22,LA640199,Lobby Door,11:38:00,Exit
2025-04-22,LA716642,Lobby Door,15:37:00,Entry
2025-04-22,LA387395,Lobby Door,09:40:00,Entry
2025-04-22,LA878455,Lobby Door,16:26:00,Entry
2025-04-22,LA580017,South Dock,08:05:00,Entry
2025-04-22,LA331158,Lobby Door,11:44:00,Exit
2025-04-22,LA811817,South Dock,14:19:00,Entry
2025-04-23,LA580017,West Entrance,12:31:00,Exit
2025-04-23,LA343540,West Entrance,16:31:00,Entry
2025-04-23,LA604674,Lobby Door,13:58:00,Entry
2025-04-23,LA591510,Lobby Door,08:22:00,Exit
2025-04-23,LA670780,Parking Access,13:39:00,Entry
2025-04-23,LA258571,South Dock,10:17:00,Entry
2025-04-23,LA162443,Parking Access,14:37:00,Entry
2025-04-23,LA322926,Lobby Door,09:31:00,Exit
2025-04-23,LA722826,Lobby Door,08:01:00,Entry
2025-04-23,LA153865,Parking Access,14:15:00,Exit
2025-04-23,LA331158,Parking Access,15:55:00,Entry
2025-04-23,LA977208,West Entrance,08:42:00,Entry
2025-04-23,LA619458,West Entrance,09:01:00,Exit
2025-04-23,LA635354,Lobby Door,16:11:00,Entry
2025-04-23,LA153824,Lobby Door,08:56:00,Entry
2025-04-23,LA587296,Lobby Door,08:51:00,Entry
2025-04-23,LA476458,South Dock,10:11:00,Entry
2025-04-23,LA723057,Lobby Door,15:21:00,Entry
2025-04-23,LA342185,South Dock,13:55:00,Exit
2025-04-23,LA764758,Parking Access,13:14:00,Entry
2025-04-23,LA918982,Lobby Door,13:48:00,Entry
2025-04-23,LA526691,Lobby Door,13:18:00,Entry
2025-04-23,LA651477,South Dock,16:45:00,Entry
2025-04-23,LA320518,Lobby Door,12:03:00,Entry
2025-04-23,LA581203,West Entrance,08:43:00,Entry
2025-04-23,LA583242,South Dock,11:00:00,Entry
2025-04-23,LA107501,West Entrance,16:19:00,Entry
2025-04-23,LA640199,Lobby Door,10:48:00,Entry
2025-04-23,LA854701,Parking Access,12:54:00,Exit
2025-04-23,LA117812,Lobby Door,13:01:00,Entry
2025-04-23,LA131291,Parking Access,15:12:00,Entry
2025-04-23,LA110300,South Dock,14:30:00,Entry
2025-04-23,LA948547,Lobby Door,11:45:00,Exit
2025-04-23,LA311459,South Dock,11:54:00,Entry
2025-04-23,LA799516,Lobby Door,08:36:00,Entry
2025-04-23,LA398026,Lobby Door,10:24:00,Entry
2025-04-23,LA220594,West Entrance,15:24:00,Exit
2025-04-23,LA908383,Lobby Door,08:46:00,Entry
2025-04-23,LA878455,Lobby Door,10:16:00,Exit
2025-04-23,LA371349,Lobby Door,15:04:00,Entry
2025-04-23,LA716642,South Dock,13:40:00,Entry
2025-04-24,LA320518,Parking Access,16:09:00,Entry
2025-04-24,LA418321,Lobby Door,11:58:00,Entry
2025-04-24,LA357288,Parking Access,13:24:00,Entry
2025-04-24,LA618915,Lobby Door,12:59:00,Exit
2025-04-24,LA619458,Lobby Door,10:36:00,Entry
2025-04-24,LA551045,Lobby Door,13:37:00,Entry
2025-04-24,LA289213,Lobby Door,11:15:00,Entry
2025-04-24,LA117812,West Entrance,14:05:00,Entry
2025-04-24,LA203650,West Entrance,15:57:00,Entry
2025-04-24,LA890130,Lobby Door,08:43:00,Entry
2025-04-24,LA850625,Lobby Door,10:42:00,Entry
2025-04-24,LA434881,West Entrance,11:59:00,Exit
2025-04-24,LA583242,Parking Access,09:27:00,Entry
2025-04-24,LA640199,Lobby Door,10:57:00,Entry
2025-04-24,LA341010,Lobby Door,09:50:00,Entry
2025-04-24,LA811817,Lobby Door,15:22:00,Exit
2025-04-24,LA413640,South Dock,12:34:00,Entry
2025-04-24,LA311459,Parking Access,11:55:00,Entry
2025-04-24,LA764758,Lobby Door,08:42:00,Exit
2025-04-24,LA107501,Parking Access,11:47:00,Exit
2025-04-24,LA561500,South Dock,12:53:00,Entry
2025-04-24,LA526691,South Dock,08:22:00,Entry
2025-04-24,LA998606,West Entrance,10:20:00,Entry
2025-04-24,LA398026,South Dock,08:29:00,Entry
2025-04-24,LA393520,Lobby Door,08:17:00,Exit
2025-04-24,LA153824,Lobby Door,12:20:00,Exit
2025-04-24,LA579177,West Entrance,12:22:00,Entry
2025-04-24,LA661287,Lobby Door,08:51:00,Entry
2025-04-24,LA635354,Lobby Door,08:00:00,Entry
2025-04-24,LA670264,Lobby Door,13:09:00,Entry
2025-04-24,LA229519,Lobby Door,15:52:00,Entry
2025-04-24,LA948547,West Entrance,12:43:00,Entry
2025-04-24,LA870088,Lobby Door,14:40:00,Exit
2025-04-24,LA908383,Lobby Door,11:43:00,Entry
2025-04-24,LA322926,Lobby Door,11:31:00,Entry
2025-04-24,LA581203,Lobby Door,10:22:00,Entry
2025-04-24,LA651477,Lobby Door,09:49:00,Exit
2025-04-24,LA331158,Lobby Door,14:58:00,Entry
2025-04-24,LA604674,South Dock,08:40:00,Entry
2025-04-24,LA854701,Lobby Door,13:13:00,Entry
2025-04-24,LA371349,West Entrance,16:40:00,Entry
2025-04-25,LA878455,Lobby Door,12:07:00,Entry
2025-04-25,LA604674,Lobby Door,08:42:00,Entry
2025-04-25,LA764758,Lobby Door,08:18:00,Entry
2025-04-25,LA258571,Lobby Door,16:30:00,Exit
2025-04-25,LA870088,Lobby Door,12:39:00,Entry
2025-04-25,LA320518,Parking Access,14:44:00,Entry
2025-04-25,LA473321,Parking Access,08:26:00,Entry
2025-04-25,LA418321,South Dock,14:57:00,Entry
2025-04-25,LA331158,Lobby Door,08:51:00,Entry
2025-04-25,LA640199,West Entrance,13:10:00,Entry
2025-04-25,LA799516,Lobby Door,15:26:00,Entry
2025-04-25,LA229519,Lobby Door,09:16:00,Exit
2025-04-25,LA948547,Lobby Door,10:42:00,Entry
2025-04-25,LA117812,Lobby Door,11:13:00,Entry
2025-04-25,LA583242,Parking Access,15:20:00,Entry
2025-04-25,LA918982,Parking Access,08:36:00,Entry
2025-04-25,LA854701,Lobby Door,10:33:00,Entry
2025-04-25,LA670264,Lobby Door,08:06:00,Exit
2025-04-25,LA579177,South Dock,14:02:00,Exit
2025-04-25,LA203650,West Entrance,08:39:00,Entry
2025-04-25,LA162443,Lobby Door,16:44:00,Entry
2025-04-25,LA551045,South Dock,11:00:00,Entry
2025-04-25,LA434881,Lobby Door,10:35:00,Exit
2025-04-25,LA413640,Lobby Door,12:37:00,Entry
2025-04-25,LA289213,Lobby Door,15:47:00,Exit
2025-04-25,LA618915,Lobby Door,16:41:00,Entry
2025-04-25,LA311459,West Entrance,10:41:00,Entry
2025-04-25,LA619458,South Dock,08:02:00,Exit
2025-04-25,LA977208,West Entrance,09:35:00,Entry
2025-04-25,LA723057,Lobby Door,15:22:00,Entry
2025-04-25,LA581203,West Entrance,08:58:00,Entry
2025-04-25,LA322926,West Entrance,09:07:00,Exit
2025-04-25,LA635354,Lobby Door,14:38:00,Entry
2025-04-25,LA348963,Parking Access,10:26:00,Exit
2025-04-25,LA591510,West Entrance,16:42:00,Exit
2025-04-25,LA561500,Lobby Door,09:50:00,Entry
2025-04-25,LA552624,Parking Access,16:02:00,Exit
2025-04-25,LA998606,Lobby Door,13:56:00,Entry
2025-04-25,LA131291,Parking Access,12:50:00,Entry
2025-04-25,LA661287,West Entrance,11:55:00,Entry
2025-04-25,LA526691,Lobby Door,11:59:00,Entry
2025-04-26,LA430655,Lobby Door,15:04:00,Entry
2025-04-26,LA418321,Lobby Door,13:40:00,Entry
2025-04-26,LA311459,Parking Access,09:33:00,Exit
2025-04-26,LA878455,South Dock,16:58:00,Entry
2025-04-26,LA190598,Lobby Door,12:30:00,Entry
2025-04-26,LA716642,Lobby Door,09:58:00,Entry
2025-04-26,LA348963,South Dock,13:24:00,Entry
2025-04-26,LA870088,Parking Access,14:40:00,Entry
2025-04-26,LA670780,South Dock,15:55:00,Entry
2025-04-26,LA850625,Lobby Door,09:34:00,Entry
2025-04-26,LA723057,West Entrance,11:10:00,Entry
2025-04-26,LA476458,West Entrance,08:21:00,Exit
2025-04-26,LA552624,West Entrance,11:44:00,Entry
2025-04-26,LA162443,West Entrance,13:54:00,Entry
2025-04-26,LA651477,West Entrance,10:48:00,Exit
2025-04-26,LA398026,Lobby Door,14:28:00,Entry
2025-04-26,LA637217,Lobby Door,08:38:00,Entry
2025-04-26,LA977208,Lobby Door,13:21:00,Entry
2025-04-26,LA168947,South Dock,12:05:00,Entry
2025-04-26,LA561500,Parking Access,12:34:00,Exit
2025-04-26,LA640199,Parking Access,11:28:00,Entry
2025-04-26,LA117812,Lobby Door,11:43:00,Entry
2025-04-26,LA341010,Lobby Door,08:29:00,Entry
2025-04-26,LA203650,Lobby Door,11:43:00,Entry
2025-04-26,LA577571,Lobby Door,08:46:00,Entry
2025-04-26,LA473321,Parking Access,11:10:00,Entry
2025-04-26,LA320316,Lobby Door,10:29:00,Entry
2025-04-26,LA369843,Lobby Door,12:05:00,Entry
2025-04-26,LA811817,Lobby Door,15:11:00,Entry
2025-04-26,LA551045,Parking Access,16:33:00,Exit
2025-04-26,LA258571,Lobby Door,15:57:00,Exit
2025-04-26,LA343540,Parking Access,09:00:00,Entry
2025-04-26,LA342185,Lobby Door,12:25:00,Exit
2025-04-26,LA670264,South Dock,15:41:00,Entry
2025-04-26,LA110300,Lobby Door,12:39:00,Entry
2025-04-26,LA225865,Parking Access,12:04:00,Entry
2025-04-26,LA764758,Lobby Door,12:50:00,Entry
2025-04-26,LA434881,West Entrance,10:14:00,Entry
2025-04-26,LA371349,West Entrance,12:49:00,Exit
2025-04-26,LA289213,Lobby Door,14:12:00,Exit
2025-04-26,LA357288,Parking Access,08:18:00,Entry
2025-04-27,LA552624,Lobby Door,11:31:00,Entry
2025-04-27,LA661287,Parking Access,10:00:00,Exit
2025-04-27,LA854701,Lobby Door,16:05:00,Entry
2025-04-27,LA591510,Lobby Door,08:02:00,Entry
2025-04-27,LA153824,Lobby Door,15:55:00,Entry
2025-04-27,LA229519,Lobby Door,13:11:00,Entry
2025-04-27,LA918982,Parking Access,08:35:00,Entry
2025-04-27,LA640199,Lobby Door,16:28:00,Entry
2025-04-27,LA503658,West Entrance,16:10:00,Entry
2025-04-27,LA581203,South Dock,10:54:00,Entry
2025-04-27,LA203650,West Entrance,14:15:00,Entry
2025-04-27,LA320518,Lobby Door,11:04:00,Exit
2025-04-27,LA320316,Lobby Door,15:34:00,Entry
2025-04-27,LA977208,West Entrance,08:57:00,Entry
2025-04-27,LA220594,Parking Access,13:05:00,Entry
2025-04-27,LA799516,Lobby Door,09:30:00,Entry
2025-04-27,LA637217,West Entrance,11:08:00,Entry
2025-04-27,LA391287,Lobby Door,13:25:00,Entry
2025-04-27,LA341010,Parking Access,08:08:00,Entry
2025-04-27,LA618915,Lobby Door,16:09:00,Entry
2025-04-27,LA369843,Lobby Door,12:03:00,Entry
2025-04-27,LA604674,Lobby Door,15:44:00,Entry
2025-04-27,LA289213,Lobby Door,12:46:00,Entry
2025-04-27,LA357288,Lobby Door,09:58:00,Entry
2025-04-27,LA162443,Lobby Door,14:09:00,Entry
2025-04-27,LA908383,Lobby Door,11:38:00,Exit
2025-04-27,LA722826,Lobby Door,15:19:00,Entry
2025-04-27,LA526691,Lobby Door,08:31:00,Entry
2025-04-27,LA434881,West Entrance,16:53:00,Entry
2025-04-27,LA110300,West Entrance,10:36:00,Entry
2025-04-27,LA430655,West Entrance,11:10:00,Entry
2025-04-27,LA878455,Lobby Door,15:27:00,Entry
2025-04-27,LA583242,Lobby Door,13:50:00,Exit
2025-04-27,LA331158,Lobby Door,14:36:00,Entry
2025-04-27,LA764758,Parking Access,14:58:00,Entry
2025-04-27,LA131291,Parking Access,12:31:00,Entry
2025-04-27,LA348963,Lobby Door,14:48:00,Entry
2025-04-27,LA670780,Lobby Door,08:52:00,Entry
2025-04-27,LA371349,West Entrance,11:52:00,Entry
2025-04-27,LA580017,West Entrance,12:26:00,Entry
2025-04-27,LA322926,Lobby Door,16:25:00,Entry
2025-04-28,LA476458,Parking Access,14:06:00,Entry
2025-04-28,LA799516,South Dock,15:55:00,Exit
2025-04-28,LA661287,Lobby Door,12:42:00,Entry
2025-04-28,LA581203,South Dock,12:26:00,Entry
2025-04-28,LA619458,West Entrance,10:26:00,Entry
2025-04-28,LA434881,Lobby Door,09:23:00,Entry
2025-04-28,LA577571,Lobby Door,15:04:00,Entry
2025-04-28,LA722826,Lobby Door,08:19:00,Entry
2025-04-28,LA908383,Lobby Door,12:28:00,Entry
2025-04-28,LA604674,Lobby Door,08:20:00,Entry
2025-04-28,LA413640,West Entrance,08:47:00,Entry
2025-04-28,LA670264,Lobby Door,15:22:00,Entry
2025-04-28,LA551045,Parking Access,15:16:00,Entry
2025-04-28,LA229519,West Entrance,13:11:00,Entry
2025-04-28,LA637217,Lobby Door,08:38:00,Entry
2025-04-28,LA168947,Lobby Door,08:47:00,Exit
2025-04-28,LA587296,Lobby Door,10:32:00,Entry
2025-04-28,LA878455,Lobby Door,10:04:00,Exit
2025-04-28,LA651477,Lobby Door,10:02:00,Exit
2025-04-28,LA670780,South Dock,12:09:00,Entry
2025-04-28,LA918982,South Dock,15:16:00,Exit
2025-04-28,LA110300,South Dock,08:13:00,Entry
2025-04-28,LA311459,Parking Access,12:01:00,Entry
2025-04-28,LA580017,Lobby Door,16:34:00,Entry
2025-04-28,LA561500,West Entrance,11:34:00,Exit
2025-04-28,LA398026,Lobby Door,09:21:00,Entry
2025-04-28,LA162443,Lobby Door,08:45:00,Entry
2025-04-28,LA117812,South Dock,16:30:00,Entry
2025-04-28,LA977208,Parking Access,11:59:00,Exit
2025-04-28,LA220594,West Entrance,14:45:00,Entry
2025-04-28,LA371349,Lobby Door,10:22:00,Entry
2025-04-28,LA998606,South Dock,14:55:00,Entry
2025-04-28,LA579177,Parking Access,13:47:00,Exit
2025-04-28,LA618915,West Entrance,08:48:00,Entry
2025-04-28,LA153824,Parking Access,12:32:00,Entry
2025-04-28,LA131291,West Entrance,14:29:00,Entry
2025-04-28,LA320316,South Dock,12:23:00,Entry
2025-04-28,LA473321,South Dock,13:58:00,Entry
2025-04-28,LA635354,Lobby Door,10:59:00,Entry
2025-04-28,LA591510,South Dock,09:31:00,Entry
2025-04-28,LA723057,Lobby Door,13:50:00,Entry
2025-04-29,LA387395,West Entrance,08:59:00,Entry
2025-04-29,LA258571,South Dock,12:03:00,Exit
2025-04-29,LA225865,West Entrance,13:35:00,Exit
2025-04-29,LA503658,Parking Access,11:18:00,Entry
2025-04-29,LA799516,Lobby Door,12:23:00,Entry
2025-04-29,LA977208,West Entrance,12:18:00,Exit
2025-04-29,LA604674,Lobby Door,09:35:00,Entry
2025-04-29,LA670780,West Entrance,13:50:00,Entry
2025-04-29,LA764758,West Entrance,10:36:00,Exit
2025-04-29,LA342185,Lobby Door,08:27:00,Entry
2025-04-29,LA413640,West Entrance,14:14:00,Entry
2025-04-29,LA850625,Parking Access,15:44:00,Entry
2025-04-29,LA203650,Lobby Door,14:22:00,Entry
2025-04-29,LA670264,South Dock,09:03:00,Entry
2025-04-29,LA320316,West Entrance,08:49:00,Entry
2025-04-29,LA948547,West Entrance,10:11:00,Entry
2025-04-29,LA153865,West Entrance,08:58:00,Entry
2025-04-29,LA391287,Lobby Door,14:46:00,Entry
2025-04-29,LA552624,Parking Access,10:51:00,Entry
2025-04-29,LA398026,Lobby Door,14:46:00,Entry
2025-04-29,LA289213,Parking Access,14:56:00,Exit
2025-04-29,LA811817,Parking Access,11:21:00,Entry
2025-04-29,LA651477,South Dock,08:16:00,Entry
2025-04-29,LA722826,West Entrance,15:25:00,Entry
2025-04-29,LA591510,West Entrance,16:47:00,Exit
2025-04-29,LA640199,Lobby Door,09:21:00,Entry
2025-04-29,LA162443,South Dock,13:32:00,Exit
2025-04-29,LA577571,Lobby Door,13:16:00,Entry
2025-04-29,LA561500,Lobby Door,11:22:00,Entry
2025-04-29,LA107501,South Dock,10:44:00,Entry
2025-04-29,LA637217,Lobby Door,11:41:00,Entry
2025-04-29,LA418321,Parking Access,12:02:00,Entry
2025-04-29,LA998606,West Entrance,09:38:00,Entry
2025-04-29,LA583242,South Dock,16:42:00,Entry
2025-04-29,LA878455,Lobby Door,09:16:00,Exit
2025-04-29,LA551045,Lobby Door,11:27:00,Entry
2025-04-29,LA357288,South Dock,11:13:00,Exit
2025-04-29,LA369843,Lobby Door,10:43:00,Entry
2025-04-29,LA190598,Lobby Door,15:19:00,Entry
2025-04-29,LA430655,Parking Access,11:31:00,Entry
2025-04-29,LA168947,Lobby Door,11:33:00,Entry
2025-04-30,LA670264,Lobby Door,14:51:00,Entry
2025-04-30,LA107501,Lobby Door,15:23:00,Entry
2025-04-30,LA580017,Lobby Door,14:23:00,Entry
2025-04-30,LA153865,Lobby Door,14:43:00,Exit
2025-04-30,LA434881,Lobby Door,13:30:00,Entry
2025-04-30,LA890130,Parking Access,10:01:00,Entry
2025-04-30,LA357288,Lobby Door,12:35:00,Entry
2025-04-30,LA670780,Parking Access,08:24:00,Entry
2025-04-30,LA203650,Lobby Door,08:27:00,Entry
2025-04-30,LA640199,Lobby Door,12:38:00,Exit
2025-04-30,LA948547,South Dock,11:30:00,Entry
2025-04-30,LA110300,Lobby Door,15:41:00,Entry
2025-04-30,LA878455,Parking Access,08:47:00,Entry
2025-04-30,LA387395,Parking Access,13:51:00,Entry
2025-04-30,LA661287,Parking Access,08:47:00,Exit
2025-04-30,LA503658,Parking Access,15:45:00,Entry
2025-04-30,LA561500,West Entrance,10:45:00,Entry
2025-04-30,LA587296,Parking Access,15:35:00,Entry
2025-04-30,LA552624,South Dock,10:40:00,Entry
2025-04-30,LA153824,Lobby Door,09:28:00,Entry
2025-04-30,LA604674,Lobby Door,14:07:00,Entry
2025-04-30,LA413640,Lobby Door,13:30:00,Entry
2025-04-30,LA998606,Lobby Door,10:28:00,Entry
2025-04-30,LA591510,Lobby Door,13:40:00,Entry
2025-04-30,LA918982,Lobby Door,11:35:00,Entry
2025-04-30,LA811817,South Dock,13:50:00,Entry
2025-04-30,LA322926,Lobby Door,12:55:00,Exit
2025-04-30,LA371349,Lobby Door,09:32:00,Entry
2025-04-30,LA473321,Lobby Door,16:23:00,Entry
2025-04-30,LA391287,West Entrance,14:27:00,Entry
2025-04-30,LA190598,Lobby Door,13:16:00,Entry
2025-04-30,LA398026,Lobby Door,10:32:00,Exit
2025-04-30,LA343540,West Entrance,16:20:00,Entry
2025-04-30,LA799516,West Entrance,15:41:00,Entry
2025-04-30,LA162443,West Entrance,08:03:00,Entry
2025-04-30,LA341010,West Entrance,11:12:00,Entry
2025-04-30,LA870088,Lobby Door,13:21:00,Entry
2025-04-30,LA651477,Lobby Door,09:57:00,Exit
2025-04-30,LA229519,Lobby Door,11:54:00,Exit
2025-04-30,LA258571,Parking Access,15:18:00,Entry
2025-04-30,LA526691,Lobby Door,12:34:00,Entry
